Commit automatico del Mon Oct 27 00:02:49 UTC 2025
Commit automatico del Mon Oct 27 00:04:30 UTC 2025
Commit automatico del Mon Oct 27 00:06:16 UTC 2025
Commit automatico del Mon Oct 27 00:12:01 UTC 2025
Commit automatico del Mon Oct 27 09:13:53 UTC 2025
Commit automatico del Tue Oct 28 09:11:27 UTC 2025
Commit automatico del Wed Oct 29 09:10:59 UTC 2025
Commit automatico del Thu Oct 30 09:11:42 UTC 2025
Commit automatico del Fri Oct 31 09:11:34 UTC 2025
Commit automatico del Sat Nov  1 09:09:52 UTC 2025
Commit automatico del Sun Nov  2 09:08:54 UTC 2025
Commit automatico del Mon Nov  3 09:13:38 UTC 2025
Commit automatico del Tue Nov  4 09:12:34 UTC 2025
Commit automatico del Wed Nov  5 09:12:25 UTC 2025
Commit automatico del Thu Nov  6 09:12:05 UTC 2025
Commit automatico del Fri Nov  7 09:11:17 UTC 2025
Commit automatico del Sat Nov  8 09:09:35 UTC 2025
